firstName,lastName,middleName,email,dob,country,company
Shana,Wynn,Dudley,mattis@nonnisi.ca,1946/04/07,Viet Nam,Ac Orci Ut Corporation
Baker,Torres,Lester,adipiscing@Integer.org,1908/11/25,Antigua and Barbuda,Proin Consulting
Erica,Dillard,Frye,Lorem@Quisqueliberolacus.net,1918/06/28,Egypt,Montes Nascetur Ridiculus PC
Josephine,Wilkerson,Benson,porta.elit@etmagnisdis.ca,1960/09/06,Lebanon,Mi Company
Sydney,Larson,Campbell,Aenean.eget@sagittisNullam.edu,1937/10/17,Nigeria,Id Associates
Gemma,Vaughn,Michael,Donec.luctus.aliquet@pretium.ca,1926/11/14,Montenegro,A Aliquet Vel Foundation
Elizabeth,Farmer,Heath,amet.consectetuer.adipiscing@nonummy.org,1947/04/23,Uganda,Sit Amet Corporation
Clark,Clay,Stephenson,In@interdumCurabitur.com,1913/05/23,South Africa,Mi Ac Mattis Corporation
Lunea,Valenzuela,Estes,velit.in@amet.co.uk,1981/06/12,Nicaragua,Eget Ipsum Inc.
Steel,Kinney,Pollard,Morbi@duiCumsociis.net,1952/08/03,Tajikistan,Congue A Aliquet LLC
Fay,Abbott,Kidd,quam.elementum@Seddiam.edu,1999/09/19,Senegal,Ut Nec Company
Debra,Mccray,Hale,quis.pede.Suspendisse@fermentum.net,1982/04/23,Bouvet Island,Curabitur Massa Corp.
Winter,Hayden,Summers,euismod.et.commodo@purusaccumsan.edu,1911/12/13,Pitcairn Islands,Id Magna Corp.
Baxter,Monroe,Walker,vulputate.eu@justoPraesent.edu,1977/10/17,Seychelles,Ultricies Institute
Olympia,Strickland,Perkins,Nulla.dignissim.Maecenas@magnaPhasellus.edu,1974/10/01,Ecuador,Sit Amet Consulting
Troy,King,Erickson,ligula.Nullam.enim@vulputateposuerevulputate.edu,1987/07/27,Honduras,Sed Et Industries
Howard,Craig,Blankenship,eget.ipsum@gravidanuncsed.com,1977/06/02,Serbia,Aliquet Sem Ut Institute
Lance,Burch,French,velit.dui.semper@Duisa.edu,1908/10/07,Holy See (Vatican City State),Mattis Incorporated
Lacy,Vega,Hess,vitae.semper.egestas@ut.co.uk,1960/09/15,Andorra,Vitae Odio Sagittis Ltd
Debra,Foreman,Santos,ultrices.Vivamus@Mauris.org,1939/12/30,Cambodia,Nulla Institute
Troy,Mclean,Caldwell,Aliquam.auctor@risusNullaeget.ca,1955/09/27,Solomon Islands,Posuere Industries
Lynn,Ferguson,Adkins,Sed.et@pedemalesuadavel.ca,1907/02/24,Brunei,Aenean Euismod Consulting
Xander,Randall,Keith,Phasellus@ornarelibero.com,1908/06/15,Djibouti,Magna Industries
Bree,Livingston,Mckinney,non.lacinia.at@Phasellusat.co.uk,1935/11/29,Guam,Sollicitudin A Limited
Keefe,Tyler,Macdonald,hendrerit.Donec.porttitor@rutrum.ca,1912/10/30,Brazil,Magna Duis Company
Kylie,Briggs,Warren,eu.elit@tempusrisus.co.uk,1939/07/07,Spain,Nam Tempor Diam Inc.
Timothy,Dawson,Cardenas,per@ultriciesdignissimlacus.ca,1962/02/09,Marshall Islands,Quam Elementum At Company
Wallace,Barker,Gutierrez,nec.ligula.consectetuer@et.edu,1978/03/12,Guadeloupe,Sit Amet Consectetuer Incorporated
Ella,Bruce,Little,ultrices@ut.net,1937/04/03,Nicaragua,Ut Pharetra Sed Incorporated
Leah,Fowler,Forbes,nec.euismod.in@Nullam.edu,1983/05/09,Senegal,Duis Risus Odio Consulting
Martena,Saunders,Barron,ultricies.adipiscing@primisinfaucibus.ca,1981/01/21,Heard Island and Mcdonald Islands,Tempor Industries
Cameran,Bates,Barr,dolor@dolor.net,1914/05/30,Fiji,Adipiscing Fringilla Porttitor Company
Sandra,Cross,Vincent,cursus.non.egestas@mauris.org,1998/09/29,Falkland Islands,Sed Dolor Inc.
Tara,Casey,Gutierrez,Pellentesque@ut.org,1916/02/11,Gabon,Neque Morbi Quis Incorporated
Risa,French,Burris,Sed@nuncrisusvarius.net,1952/04/04,Rwanda,Urna Vivamus Molestie Inc.
Logan,Roth,Myers,tellus.justo@rutrumeuultrices.org,1954/02/15,Libya,Lobortis Quis Pede Corporation
Galvin,Dillard,Carter,Nam.consequat@Nuncpulvinararcu.co.uk,1980/12/06,Malawi,Magna Consulting
Oliver,Waters,Serrano,ultricies.ligula@nunc.ca,1919/02/03,"Bonaire, Sint Eustatius and Saba",Nibh Phasellus Nulla LLP
Mufutau,Henson,Brady,est.vitae.sodales@pharetraQuisqueac.org,1996/06/10,Bangladesh,Vestibulum PC
Dieter,Mcfadden,Miranda,quam.vel.sapien@sed.ca,1959/01/29,Botswana,Maecenas Malesuada Associates
Ivan,Slater,Lane,Morbi.vehicula.Pellentesque@Quisque.com,1925/02/02,Tokelau,Dapibus Id Blandit LLC
Harriet,Boone,Oneal,vitae@ac.org,1952/05/18,Germany,Vitae Velit LLP
Sybill,Hughes,Whitney,orci.lacus.vestibulum@congue.org,1971/01/06,Portugal,Amet Lorem Semper LLC
Marcia,Doyle,Manning,eros.Proin.ultrices@porttitor.org,1971/06/24,Eritrea,Ut Semper Institute
Jescie,Montoya,Herrera,sit@vestibulumlorem.edu,1999/11/28,Jamaica,Vestibulum LLC
Callie,Cash,Oconnor,Cras@euenim.edu,1982/09/03,Niue,Vivamus Corporation
Myles,Allison,Robbins,ligula.tortor@placeratorcilacus.com,1932/08/19,Eritrea,Iaculis Nec Eleifend Corp.
Kyra,Schultz,Tyler,Donec@elit.ca,1945/12/19,Philippines,Aliquam Ultrices Iaculis Incorporated
Cassidy,Bowen,Gaines,non.dui.nec@commodoipsum.co.uk,1953/09/23,Kyrgyzstan,Mi Lorem Vehicula Industries
Blythe,Berger,Ryan,luctus.aliquet@anteVivamusnon.co.uk,1976/12/15,Czech Republic,Ac Consulting
Noelani,Daugherty,Mckinney,elementum.purus.accumsan@primisinfaucibus.co.uk,1960/04/30,South Sudan,Augue Eu Tellus Industries
Noah,Kelly,Waters,tincidunt.nunc@elitfermentum.ca,1915/08/19,Saint Pierre and Miquelon,Odio Company
Lael,Holder,Sloan,pulvinar.arcu.et@feugiatnon.edu,1966/01/05,Libya,Sem Mollis Dui LLP
Upton,Woods,Monroe,rhoncus@malesuadamalesuadaInteger.ca,1933/07/12,Barbados,Ultricies Associates
Martina,Sellers,Frederick,eu.arcu.Morbi@consequatpurusMaecenas.com,1979/06/23,Libya,Fusce Dolor Quam Inc.
Cameron,Montoya,Edwards,nulla@enimMauris.co.uk,1954/09/19,Hungary,Orci Corporation
Pascale,Watson,Mercado,neque.Sed.eget@Nuncmauris.ca,1959/05/08,Bhutan,Aliquam Adipiscing Consulting
Clayton,Juarez,Mccarthy,pede.blandit.congue@justoeu.edu,1980/07/11,Denmark,Massa Integer Inc.
Candace,Ingram,Bright,Ut@laoreetipsum.org,1912/09/21,Malaysia,Duis Incorporated
Omar,Rosario,Larsen,pulvinar.arcu.et@Quisquepurussapien.org,1973/10/26,Qatar,Ullamcorper Duis LLP
Jeremy,Dodson,Perez,Proin.non.massa@Maurisblandit.com,1956/07/10,Monaco,Felis Institute
Kylynn,Dejesus,Byrd,Ut.tincidunt.orci@nibh.edu,1966/11/26,Tuvalu,Eget Ipsum Consulting
Maia,Middleton,Robinson,faucibus.Morbi.vehicula@mauris.org,1945/01/02,Brazil,Aliquet Libero Company
Chava,Mcdowell,Byrd,fames.ac@Integeridmagna.com,1945/07/24,Aruba,Justo Proin Non Company
Bryar,Fields,Sherman,Quisque@arcu.ca,1930/05/16,Brunei,Diam Eu Dolor Foundation
Donna,Delacruz,Bennett,tristique.ac.eleifend@sapien.org,1914/09/25,New Zealand,Ultrices Posuere Incorporated
Cecilia,Kerr,Mccormick,ultricies.dignissim@pede.org,1942/12/08,Guinea-Bissau,Semper Egestas Urna Foundation
McKenzie,Blake,Hampton,fringilla@Curabitur.com,1972/05/21,Mexico,Sit Amet Ante Foundation
Camden,Marks,Heath,in.sodales@interdumligula.edu,1992/08/03,Gambia,Lorem Incorporated
Francesca,Johns,Stephens,sit@lacinia.com,1973/05/12,Kazakhstan,Ante Dictum Consulting
Connor,Howard,Goodwin,sagittis@eutellus.net,1994/06/11,Maldives,Arcu Vestibulum Ante LLP
Ima,Conner,Alexander,feugiat.Sed.nec@fermentum.ca,1954/03/26,Switzerland,Semper Dui Lectus Consulting
Steven,Bullock,Craft,nec.urna.et@Integertincidunt.co.uk,1946/06/08,Ã…land Islands,Diam Duis Incorporated
Kirsten,Gonzales,Wiley,lacinia.Sed.congue@necante.org,1916/05/31,Niger,Est LLC
Hannah,Hancock,Stuart,molestie@Nullam.net,1977/02/27,Finland,Nisi Aenean Eget Company
Jeanette,Hardin,Hood,arcu.vel@acfermentum.co.uk,1939/10/30,Dominica,Eu Nibh Consulting
Paul,Patton,Gray,vehicula@laciniavitae.ca,1936/10/08,Hungary,Nibh Enim Associates
Nathaniel,Santana,Rose,nisl.elementum.purus@Quisque.org,1932/10/06,Laos,Sed Neque Sed LLC
Stacy,Carpenter,Puckett,non.enim.commodo@magnamalesuada.net,1981/05/19,Saint Pierre and Miquelon,Dolor Donec Corp.
Cain,Hawkins,Osborne,Donec@justosit.org,1976/03/26,Burkina Faso,Iaculis Aliquet Diam Ltd
Ingrid,Butler,Barron,sodales.purus@loremtristique.net,1928/07/04,Chile,Nullam Institute
Cadman,Fields,Cobb,magna@ataugueid.edu,1940/01/13,Syria,Malesuada Corporation
Demetria,Cote,Kidd,Cras.vehicula@estarcuac.edu,1950/09/05,Senegal,Fusce Aliquet Magna Institute
Abbot,Hood,Patel,hendrerit.id@CrasinterdumNunc.ca,1987/08/18,Trinidad and Tobago,Donec Feugiat Associates
Madeline,Chavez,Fitzpatrick,vulputate@eget.ca,1929/07/17,"Congo, the Democratic Republic of the",Imperdiet Ornare In Corp.
Guy,Cote,Mcknight,tortor.dictum.eu@eterosProin.edu,1972/06/10,Ireland,Ultrices Industries
Donna,Haney,Martinez,magna.Phasellus@velit.ca,1988/04/09,Lithuania,Libero Est LLC
Addison,Stuart,Sargent,eu@Sed.org,1997/07/31,Malta,Felis Foundation
Wynter,Branch,Dotson,Maecenas.libero.est@perinceptoshymenaeos.com,1998/04/03,Zambia,Erat Eget Tincidunt Inc.
Emerald,Puckett,Roberts,non@quamelementumat.ca,1990/08/14,Belize,Mauris Quis Company
Carlos,Kelly,Hart,Nam.consequat@utpharetra.edu,1963/04/10,Afghanistan,Parturient Montes Institute
Rinah,Wyatt,Kelley,nisi.sem.semper@Morbi.co.uk,1908/03/08,Pitcairn Islands,Lorem Corporation
Herman,Curtis,Howe,nec@utpellentesqueeget.edu,1930/05/25,Seychelles,Lectus Associates
Vivien,Schneider,Camacho,vel.est.tempor@vulputate.edu,1966/01/13,Western Sahara,Arcu Aliquam Limited
Salvador,Knight,Huber,dictum.Proin.eget@vulputaterisus.co.uk,1908/11/14,Barbados,Sapien Imperdiet Limited
Otto,Dale,Oneill,risus.varius@tinciduntorciquis.com,1914/03/18,"Korea, South",Erat Company
Daquan,Aguilar,Holt,ante.bibendum@habitantmorbitristique.co.uk,1909/05/02,French Southern Territories,Tellus Incorporated
Aimee,Swanson,Atkinson,consectetuer.cursus.et@porttitortellusnon.ca,1959/09/27,Montenegro,Interdum Libero Dui Incorporated
Sandra,Parsons,Stein,metus.vitae@aliquet.edu,1975/12/16,Puerto Rico,A Felis PC
Hop,House,Jordan,nunc.id@dui.com,1949/11/19,Gabon,Maecenas Malesuada Fringilla Corporation